[{"state":{"code":"classDiagram\n    class ILogger {\n        + LogMessage(string message)\n    }\n\n    class MyLogger {\n        + Log(string message)\n    }\n\n    class LoggerAdapter {\n        - MyLogger myLogger\n        + LoggerAdapter(MyLogger thirdPartyLogger)\n        + LogMessage(string message)\n    }\n\n    class Application {\n        - ILogger logger\n        + Application(ILogger logger)\n        + Run()\n    }\n\n    ILogger <|-- LoggerAdapter\n    ILogger <|-- Application\n    LoggerAdapter o-- ThirdPartyLogger : uses\n    Application o-- ILogger : uses\n","mermaid":"{\n  \"theme\": \"dark\"\n}","autoSync":true,"rough":false,"updateDiagram":false,"editorMode":"code"},"time":1717596952830,"type":"auto","id":"0f1a45ba-5328-40b6-b790-cb5448b80287","name":"uneven-iron"},{"state":{"code":"classDiagram\n    class ILogger {\n        + LogMessage(string message)\n    }\n\n    class ThirdPartyLogger {\n        + Log(string message)\n    }\n\n    class LoggerAdapter {\n        - ThirdPartyLogger thirdPartyLogger\n        + LoggerAdapter(ThirdPartyLogger thirdPartyLogger)\n        + LogMessage(string message)\n    }\n\n    class Application {\n        - ILogger logger\n        + Application(ILogger logger)\n        + Run()\n    }\n\n    ILogger <|-- LoggerAdapter\n    ILogger <|-- Application\n    LoggerAdapter o-- ThirdPartyLogger : uses\n    Application o-- ILogger : uses\n","mermaid":"{\n  \"theme\": \"dark\"\n}","autoSync":true,"rough":false,"updateDiagram":false,"editorMode":"code"},"time":1717596052845,"type":"auto","id":"c2c01213-bbd8-433e-88a1-adb0f5cae3f2","name":"belligerent-xylophone"},{"state":{"code":"classDiagram\n    class Multiton {\n        -static Dictionary~string, Multiton~ instances\n        -string Key\n        -Multiton(string key)\n        +static Multiton GetInstance(string key)\n        +static void ListInstances()\n        +string ToString()\n    }\n","mermaid":"{\n  \"theme\": \"dark\"\n}","autoSync":true,"rough":false,"updateDiagram":false,"editorMode":"code"},"time":1717595739607,"type":"auto","id":"5893fbf2-b019-43d1-b2ee-7c5ca6db43e9","name":"fat-umbrella"},{"state":{"code":"classDiagram\n    class IShape {\n        +void SetPosition(int x, int y)\n        +(int x, int y) GetPosition()\n    }\n\n    class Circle {\n        -int x\n        -int y\n        +void SetPosition(int x, int y)\n        +(int x, int y) GetPosition()\n        +string ToString()\n    }\n\n    class Rectangle {\n        -int x\n        -int y\n        +void SetPosition(int x, int y)\n        +(int x, int y) GetPosition()\n        +string ToString()\n    }\n\n    class MoveServant {\n        +void MoveTo(IShape shape, int newX, int newY)\n    }\n\n    IShape <|-- Circle\n    IShape <|-- Rectangle\n    MoveServant --> IShape : uses >\n","mermaid":"{\n  \"theme\": \"dark\"\n}","autoSync":true,"rough":false,"updateDiagram":false,"editorMode":"code"},"time":1717595560070,"type":"auto","id":"4cad63c6-96af-4a36-a103-0610c8845c49","name":"agitated-painter"},{"state":{"code":"classDiagram\n    class Message {\n        +string Content\n        +string Sender\n        +string Receiver\n        +Message(string content, string sender, string receiver)\n    }\n\n    class MessageBroker {\n        -Dictionary~string, List~Action~Message~~~~ _subscribers\n        +void Subscribe(string receiver, Action~Message~ handler)\n        +void SendMessage(Message message)\n    }\n\n    class ComponentA {\n        -string _name\n        -MessageBroker _broker\n        +ComponentA(string name, MessageBroker broker)\n        +void SendMessage(string content, string receiver)\n        +void ReceiveMessage(Message message)\n    }\n\n    class ComponentB {\n        -string _name\n        -MessageBroker _broker\n        +ComponentB(string name, MessageBroker broker)\n        +void SendMessage(string content, string receiver)\n        +void ReceiveMessage(Message message)\n    }\n\n    MessageBroker \"1\" *-- \"0..*\" Message : sends >\n    MessageBroker \"1\" *-- \"0..*\" ComponentA : communicates >\n    MessageBroker \"1\" *-- \"0..*\" ComponentB : communicates >\n","mermaid":"{\n  \"theme\": \"dark\"\n}","autoSync":true,"rough":false,"updateDiagram":false,"editorMode":"code"},"time":1717595379611,"type":"auto","id":"38558051-e107-4412-82dc-b2d5da4fcbf1","name":"squeaking-optician"},{"state":{"code":"classDiagram\n    Animal <|-- Duck\n    Animal <|-- Fish\n    Animal <|-- Zebra\n    Animal : +int age\n    Animal : +String gender\n    Animal: +isMammal()\n    Animal: +mate()\n    class Duck{\n      +String beakColor\n      +swim()\n      +quack()\n    }\n    class Fish{\n      -int sizeInFeet\n      -canEat()\n    }\n    class Zebra{\n      +bool is_wild\n      +run()\n    }","mermaid":"{\n  \"theme\": \"dark\"\n}","autoSync":true,"rough":false,"updateDiagram":false,"editorMode":"code"},"time":1717595320073,"type":"auto","id":"17b923f7-a9f6-4c4d-879c-f4f6c0c7dacf","name":"microscopic-dusk"},{"state":{"code":"classDiagram\n    Animal <|-- Duck\n    Animal <|-- Fish\n    Animal <|-- Zebra\n    Animal : +int age\n    Animal : +String gender\n    Animal: +isMammal()\n    Animal: +mate()\n    class Duck{\n      +String beakColor\n      +swim()\n      +quack()\n    }\n    class Fish{\n      -int sizeInFeet\n      -canEat()\n    }\n    class Zebra{\n      +bool is_wild\n      +run()\n    }","mermaid":"{\n  \"theme\": \"dark\"\n}","autoSync":true,"rough":false,"updateDiagram":true},"time":1717502924741,"type":"auto","id":"3f0935f8-47a1-4567-a967-2e88ab394b91","name":"careful-plumber"}]